{
    "epoch": 5.0,
    "eval_CV F1": 0.5346,
    "eval_Claim_f1": 0.18128368446839785,
    "eval_Claim_number": 8912,
    "eval_Claim_precision": 0.14249037227214378,
    "eval_Claim_recall": 0.2491023339317774,
    "eval_Concluding Statement_f1": 0.35861891926581957,
    "eval_Concluding Statement_number": 2996,
    "eval_Concluding Statement_precision": 0.2913451511991658,
    "eval_Concluding Statement_recall": 0.46628838451268356,
    "eval_Counterclaim_f1": 0.2169344870210136,
    "eval_Counterclaim_number": 1331,
    "eval_Counterclaim_precision": 0.18425196850393702,
    "eval_Counterclaim_recall": 0.2637114951164538,
    "eval_Evidence_f1": 0.19734147223003093,
    "eval_Evidence_number": 9081,
    "eval_Evidence_precision": 0.15530973451327434,
    "eval_Evidence_recall": 0.2705649157581764,
    "eval_Lead_f1": 0.35221953188054883,
    "eval_Lead_number": 2153,
    "eval_Lead_precision": 0.2699158832261257,
    "eval_Lead_recall": 0.5067347886669763,
    "eval_Position_f1": 0.29415515409139215,
    "eval_Position_number": 3398,
    "eval_Position_precision": 0.23020625415834997,
    "eval_Position_recall": 0.4072984108298999,
    "eval_Rebuttal_f1": 0.10354015987818804,
    "eval_Rebuttal_number": 1022,
    "eval_Rebuttal_precision": 0.08473520249221184,
    "eval_Rebuttal_recall": 0.13307240704500978,
    "eval_loss": 0.6613034605979919,
    "eval_overall_accuracy": 0.7831892245592588,
    "eval_overall_f1": 0.22977165234196203,
    "eval_overall_precision": 0.181595289294399,
    "eval_overall_recall": 0.3127401100612605,
    "eval_runtime": 228.8331,
    "eval_samples": 3119,
    "eval_samples_per_second": 13.63,
    "eval_steps_per_second": 0.852
}